<ImportExportXml version="9.2.23122.180" SolutionPackageVersion="9.2" languagecode="1046" generatedBy="CrmLive" xmlns:xsi="http://www.w3.org/2001/XMLSchema-instance">
  <SolutionManifest>
    <UniqueName>SolucaoCBrabo</UniqueName>
    <LocalizedNames>
      <LocalizedName description="Solução Curso Brabo" languagecode="1046" />
    </LocalizedNames>
    <Descriptions>
      <Description description="Solução para o curso brabo." languagecode="1046" />
    </Descriptions>
    <Version>1.0.0</Version>
    <Managed>0</Managed>
    <Publisher>
      <UniqueName>curso</UniqueName>
      <LocalizedNames>
        <LocalizedName description="curso" languagecode="1046" />
      </LocalizedNames>
      <Descriptions />
      <EMailAddress xsi:nil="true"></EMailAddress>
      <SupportingWebsiteUrl xsi:nil="true"></SupportingWebsiteUrl>
      <CustomizationPrefix>curso</CustomizationPrefix>
      <CustomizationOptionValuePrefix>82566</CustomizationOptionValuePrefix>
      <Addresses>
        <Address>
          <AddressNumber>1</AddressNumber>
          <AddressTypeCode>1</AddressTypeCode>
          <City xsi:nil="true"></City>
          <County xsi:nil="true"></County>
          <Country xsi:nil="true"></Country>
          <Fax xsi:nil="true"></Fax>
          <FreightTermsCode xsi:nil="true"></FreightTermsCode>
          <ImportSequenceNumber xsi:nil="true"></ImportSequenceNumber>
          <Latitude xsi:nil="true"></Latitude>
          <Line1 xsi:nil="true"></Line1>
          <Line2 xsi:nil="true"></Line2>
          <Line3 xsi:nil="true"></Line3>
          <Longitude xsi:nil="true"></Longitude>
          <Name xsi:nil="true"></Name>
          <PostalCode xsi:nil="true"></PostalCode>
          <PostOfficeBox xsi:nil="true"></PostOfficeBox>
          <PrimaryContactName xsi:nil="true"></PrimaryContactName>
          <ShippingMethodCode>1</ShippingMethodCode>
          <StateOrProvince xsi:nil="true"></StateOrProvince>
          <Telephone1 xsi:nil="true"></Telephone1>
          <Telephone2 xsi:nil="true"></Telephone2>
          <Telephone3 xsi:nil="true"></Telephone3>
          <TimeZoneRuleVersionNumber xsi:nil="true"></TimeZoneRuleVersionNumber>
          <UPSZone xsi:nil="true"></UPSZone>
          <UTCOffset xsi:nil="true"></UTCOffset>
          <UTCConversionTimeZoneCode xsi:nil="true"></UTCConversionTimeZoneCode>
        </Address>
        <Address>
          <AddressNumber>2</AddressNumber>
          <AddressTypeCode>1</AddressTypeCode>
          <City xsi:nil="true"></City>
          <County xsi:nil="true"></County>
          <Country xsi:nil="true"></Country>
          <Fax xsi:nil="true"></Fax>
          <FreightTermsCode xsi:nil="true"></FreightTermsCode>
          <ImportSequenceNumber xsi:nil="true"></ImportSequenceNumber>
          <Latitude xsi:nil="true"></Latitude>
          <Line1 xsi:nil="true"></Line1>
          <Line2 xsi:nil="true"></Line2>
          <Line3 xsi:nil="true"></Line3>
          <Longitude xsi:nil="true"></Longitude>
          <Name xsi:nil="true"></Name>
          <PostalCode xsi:nil="true"></PostalCode>
          <PostOfficeBox xsi:nil="true"></PostOfficeBox>
          <PrimaryContactName xsi:nil="true"></PrimaryContactName>
          <ShippingMethodCode>1</ShippingMethodCode>
          <StateOrProvince xsi:nil="true"></StateOrProvince>
          <Telephone1 xsi:nil="true"></Telephone1>
          <Telephone2 xsi:nil="true"></Telephone2>
          <Telephone3 xsi:nil="true"></Telephone3>
          <TimeZoneRuleVersionNumber xsi:nil="true"></TimeZoneRuleVersionNumber>
          <UPSZone xsi:nil="true"></UPSZone>
          <UTCOffset xsi:nil="true"></UTCOffset>
          <UTCConversionTimeZoneCode xsi:nil="true"></UTCConversionTimeZoneCode>
        </Address>
      </Addresses>
    </Publisher>
    <RootComponents>
      <RootComponent type="1" schemaName="account" behavior="1" />
      <RootComponent type="1" schemaName="crd72_novatabela1" behavior="0" />
      <RootComponent type="1" schemaName="curso_aluno" behavior="0" />
      <RootComponent type="1" schemaName="curso_alunoxcurso" behavior="0" />
      <RootComponent type="1" schemaName="curso_cursodisponivel" behavior="0" />
      <RootComponent type="1" schemaName="curso_cursosxinstrutores" behavior="0" />
      <RootComponent type="1" schemaName="curso_instrutor" behavior="0" />
      <RootComponent type="29" id="{06d747e6-769f-ee11-a569-00224836f901}" behavior="0" />
      <RootComponent type="29" id="{7863320d-60a0-ee11-a569-00224836f901}" behavior="0" />
      <RootComponent type="29" id="{ccf95c69-7f36-4b18-9fc9-c53023e532a9}" behavior="0" />
      <RootComponent type="29" id="{d139fab8-eaca-4632-9d2d-8a7847f206d7}" behavior="0" />
      <RootComponent type="29" id="{fa5eaacc-fd84-493e-8dff-ba610f629242}" behavior="0" />
      <RootComponent type="61" schemaName="curso_bibliotecaJS" behavior="0" />
      <RootComponent type="61" schemaName="curso_LogoPowerApps" behavior="0" />
      <RootComponent type="61" schemaName="curso_scriptcallactioncep" behavior="0" />
      <RootComponent type="61" schemaName="curso_scriptcallmyaction" behavior="0" />
      <RootComponent type="62" schemaName="curso_Treinamento" behavior="0" />
      <RootComponent type="80" schemaName="curso_Treinamento" behavior="0" />
      <RootComponent type="91" id="{505b19d8-705b-4c08-8849-9d38afce3348}" schemaName="PluginsTreinamento, Version=1.0.0.0, Culture=neutral, PublicKeyToken=1152db88660d692a" behavior="0" />
      <RootComponent type="300" schemaName="curso_aplicativodetelainstrutores_25db6" behavior="0" />
      <RootComponent type="300" schemaName="curso_aplicativoinstrutores_72609" behavior="0" />
      <RootComponent type="300" schemaName="curso_formularioinstrutores_3c8ef" behavior="0" />
    </RootComponents>
    <MissingDependencies>
      <MissingDependency>
        <Required type="1" schemaName="curso_treinamento" displayName="Treinamento" solution="Active" />
        <Dependent type="300" schemaName="curso_formularioinstrutores_3c8ef" displayName="FormularioInstrutores" />
      </MissingDependency>
      <MissingDependency>
        <Required type="60" displayName="Painel de Referência de Contas" parentDisplayName="Conta" solution="msdynce_AppCommon (9.0.4.0066)" id="{098ae145-1567-41ec-8398-86dbaac70c9b}" />
        <Dependent type="60" displayName="Painel de Referência de Contas" parentDisplayName="Conta" id="{098ae145-1567-41ec-8398-86dbaac70c9b}" />
      </MissingDependency>
      <MissingDependency>
        <Required type="60" displayName="Perfis Sociais" parentDisplayName="Conta" solution="msdynce_AppCommon (9.0.4.0066)" id="{2205c86d-ed88-4a2f-a447-3b86a8781f2e}" />
        <Dependent type="60" displayName="Perfis Sociais" parentDisplayName="Conta" id="{2205c86d-ed88-4a2f-a447-3b86a8781f2e}" />
      </MissingDependency>
      <MissingDependency>
        <Required type="60" displayName="Formulário de Bloco de Hierarquia de Contas" parentDisplayName="Conta" solution="msdynce_AppCommon (9.0.4.0066)" id="{69cff312-cfb6-4289-9631-249ab85d2c62}" />
        <Dependent type="60" displayName="Formulário de Bloco de Hierarquia de Contas" parentDisplayName="Conta" id="{69cff312-cfb6-4289-9631-249ab85d2c62}" />
      </MissingDependency>
      <MissingDependency>
        <Required type="60" displayName="Conta" parentDisplayName="Conta" solution="msdynce_AppCommon (9.0.4.0066)" id="{8448b78f-8f42-454e-8e2a-f8196b0419af}" />
        <Dependent type="60" displayName="Conta" parentDisplayName="Conta" id="{8448b78f-8f42-454e-8e2a-f8196b0419af}" />
      </MissingDependency>
      <MissingDependency>
        <Required type="60" displayName="Conta de Experiência interativa" parentDisplayName="Conta" solution="msdynce_AppCommon (9.0.4.0066)" id="{a72c7955-442b-4ea4-9499-b10cd18b4256}" />
        <Dependent type="60" displayName="Conta de Experiência interativa" parentDisplayName="Conta" id="{a72c7955-442b-4ea4-9499-b10cd18b4256}" />
      </MissingDependency>
      <MissingDependency>
        <Required type="60" displayName="cartão da conta" parentDisplayName="Conta" solution="msdynce_AppCommon (9.0.4.0066)" id="{b028db32-3619-48a5-ac51-cf3f947b0ef3}" />
        <Dependent type="60" displayName="cartão da conta" parentDisplayName="Conta" id="{b028db32-3619-48a5-ac51-cf3f947b0ef3}" />
      </MissingDependency>
      <MissingDependency>
        <Required type="60" displayName="Informações" parentDisplayName="Conta" solution="msdynce_AppCommon (9.0.4.0066)" id="{b053a39a-041a-4356-acef-ddf00182762b}" />
        <Dependent type="60" displayName="Informações" parentDisplayName="Conta" id="{b053a39a-041a-4356-acef-ddf00182762b}" />
      </MissingDependency>
      <MissingDependency>
        <Required type="60" displayName="Criação Rápida de Conta" parentDisplayName="Conta" solution="msdynce_AppCommon (9.0.4.0066)" id="{c9e7ec2d-efca-4e4c-b3e3-f63c4bba5e4b}" />
        <Dependent type="60" displayName="Criação Rápida de Conta" parentDisplayName="Conta" id="{c9e7ec2d-efca-4e4c-b3e3-f63c4bba5e4b}" />
      </MissingDependency>
      <MissingDependency>
        <Required type="60" displayName="Formulário Cartão de Conta" parentDisplayName="Conta" solution="msdynce_AppCommon (9.0.4.0066)" id="{cccff382-2b92-467e-bf1b-3db179512af8}" />
        <Dependent type="60" displayName="Formulário Cartão de Conta" parentDisplayName="Conta" id="{cccff382-2b92-467e-bf1b-3db179512af8}" />
      </MissingDependency>
      <MissingDependency>
        <Required type="61" schemaName="msdyn_/Images/AppModule_Default_Icon.png" displayName="msdyn_/Images/AppModule_Default_Icon.png" solution="AppModuleWebResources (2.5)" />
        <Dependent type="80" schemaName="curso_Treinamento" displayName="Treinamento" />
      </MissingDependency>
      <MissingDependency>
        <Required type="66" schemaName="MscrmControls.Canvas.CanvasControl" displayName="MscrmControls.Canvas.CanvasControl" solution="BaseCustomControlsCore (9.0.2312.2025)" />
        <Dependent type="60" displayName="Informações" parentDisplayName="Instrutor" id="{b863a59b-ca6b-4b19-8b3c-629d9963399a}" />
      </MissingDependency>
      <MissingDependency>
        <Required type="66" schemaName="MscrmControls.Canvas.CanvasControl" displayName="MscrmControls.Canvas.CanvasControl" solution="BaseCustomControlsCore (9.0.2312.2025)" />
        <Dependent type="60" displayName="Curso Treino Brabo" parentDisplayName="Curso Disponível" id="{cd2a2ed3-4918-4f19-bb23-65d7581258dc}" />
      </MissingDependency>
    </MissingDependencies>
  </SolutionManifest>
</ImportExportXml>